{
  "uuid": "3b11db6d-2e11-4af0-a1f6-27694b4a1131",
  "timestamp": "2025-03-26T17:33:41Z",
  "zipFileName": "NEON_count-landbird",
  "mimeType": "application/zip",
  "productCode": "DP1.10003.001",
  "productName": "Breeding landbird point counts",
  "siteCodes": [
    "BART"
  ],
  "startDate": "2013-06-01T00:00:00Z",
  "endDate": "2023-12-31T23:59:59Z",
  "packageType": "expanded",
  "documents": [
    {
      "fileName": "NEON.DOC.014041vL.pdf",
      "downloadFileName": null,
      "type": "application/pdf",
      "fileSizeBytes": 3553655,
      "description": "TOS Protocol and Procedure: BRD – Breeding Landbird Abundance and Diversity",
      "uri": "https://data.neonscience.org/api/v0/documents/NEON.DOC.014041vL"
    },
    {
      "fileName": "NEON.DOC.000916vD.pdf",
      "downloadFileName": null,
      "type": "application/pdf",
      "fileSizeBytes": 1654075,
      "description": "TOS Science Design for Breeding Landbird Abundance and Diversity",
      "uri": "https://data.neonscience.org/api/v0/documents/NEON.DOC.000916vD"
    },
    {
      "fileName": "NEON_bird_userGuide_vD.pdf",
      "downloadFileName": null,
      "type": "application/pdf",
      "fileSizeBytes": 557377,
      "description": "NEON User Guide to Breeding Landbird Point Counts (DP1.10003.001)",
      "uri": "https://data.neonscience.org/api/v0/documents/NEON_bird_userGuide_vD"
    },
    {
      "fileName": "NEON.QSG.DP1.10003.001v2.pdf",
      "downloadFileName": null,
      "type": "application/pdf",
      "fileSizeBytes": 430182,
      "description": "Quick Start Guide for Breeding landbird point counts (DP1.10003.001)",
      "uri": "https://data.neonscience.org/api/v0/documents/quick-start-guides/NEON.QSG.DP1.10003.001v2.pdf"
    }
  ],
  "releases": [
    {
      "release": "RELEASE-2025",
      "generationDate": "2025-01-29T00:07:30Z",
      "packages": [
        {
          "release": "RELEASE-2025",
          "productCode": "DP1.10003.001",
          "domainCode": "D01",
          "siteCode": "BART",
          "month": "2015-06",
          "packageType": "expanded",
          "generationDate": "2025-01-29T00:07:30Z",
          "files": [
            {
              "fileName": "NEON.D01.BART.DP1.10003.001.brd_countdata.2015-06.expanded.20241118T065914Z.csv",
              "downloadFileName": null,
              "uri": "https://data.neonscience.org/api/v0/releases/RELEASE-2025/data/DP1.10003.001/BART/2015-06/NEON.D01.BART.DP1.10003.001.brd_countdata.2015-06.expanded.20241118T065914Z.csv",
              "fileSizeBytes": 119278,
              "checksum": "0ef508f9da01b9a1886b24d6091a72c5",
              "checksumAlgorithm": "MD5"
            },
            {
              "fileName": "NEON.D01.BART.DP1.10003.001.readme.20250129T000730Z.txt",
              "downloadFileName": null,
              "uri": "https://data.neonscience.org/api/v0/releases/RELEASE-2025/data/DP1.10003.001/BART/2015-06/NEON.D01.BART.DP1.10003.001.readme.20250129T000730Z.txt",
              "fileSizeBytes": 17216,
              "checksum": "f3d0735cd2947881bd917b440ea4f142",
              "checksumAlgorithm": "MD5"
            },
            {
              "fileName": "NEON.D01.BART.DP1.10003.001.EML.20150614-20150620.20250129T000730Z.xml",
              "downloadFileName": null,
              "uri": "https://data.neonscience.org/api/v0/releases/RELEASE-2025/data/DP1.10003.001/BART/2015-06/NEON.D01.BART.DP1.10003.001.EML.20150614-20150620.20250129T000730Z.xml",
              "fileSizeBytes": 104812,
              "checksum": "a7e1a7327632272bbdf6ad9fb65546b0",
              "checksumAlgorithm": "MD5"
            },
            {
              "fileName": "NEON.D01.BART.DP0.10003.001.validation.20241118T065914Z.csv",
              "downloadFileName": null,
              "uri": "https://data.neonscience.org/api/v0/releases/RELEASE-2025/data/DP1.10003.001/BART/2015-06/NEON.D01.BART.DP0.10003.001.validation.20241118T065914Z.csv",
              "fileSizeBytes": 13817,
              "checksum": "34d05e85d30c7ff8199644e3048f81b5",
              "checksumAlgorithm": "MD5"
            },
            {
              "fileName": "NEON.D01.BART.DP0.10003.001.categoricalCodes.20241118T065914Z.csv",
              "downloadFileName": null,
              "uri": "https://data.neonscience.org/api/v0/releases/RELEASE-2025/data/DP1.10003.001/BART/2015-06/NEON.D01.BART.DP0.10003.001.categoricalCodes.20241118T065914Z.csv",
              "fileSizeBytes": 14560,
              "checksum": "5fefbbfabc9543b048953f55e82c58d4",
              "checksumAlgorithm": "MD5"
            },
            {
              "fileName": "NEON.D01.BART.DP1.10003.001.brd_perpoint.2015-06.expanded.20241118T065914Z.csv",
              "downloadFileName": null,
              "uri": "https://data.neonscience.org/api/v0/releases/RELEASE-2025/data/DP1.10003.001/BART/2015-06/NEON.D01.BART.DP1.10003.001.brd_perpoint.2015-06.expanded.20241118T065914Z.csv",
              "fileSizeBytes": 27752,
              "checksum": "4d1a8dd5bfbed09dde69d8600a484d04",
              "checksumAlgorithm": "MD5"
            },
            {
              "fileName": "NEON.D01.BART.DP1.10003.001.brd_personnel.expanded.20241118T065914Z.csv",
              "downloadFileName": null,
              "uri": "https://data.neonscience.org/api/v0/releases/RELEASE-2025/data/DP1.10003.001/BART/2015-06/NEON.D01.BART.DP1.10003.001.brd_personnel.expanded.20241118T065914Z.csv",
              "fileSizeBytes": 2980,
              "checksum": "460e8f00575f40e8ae78fbc72392d6c5",
              "checksumAlgorithm": "MD5"
            },
            {
              "fileName": "NEON.D01.BART.DP1.10003.001.brd_references.expanded.20241118T065914Z.csv",
              "downloadFileName": null,
              "uri": "https://data.neonscience.org/api/v0/releases/RELEASE-2025/data/DP1.10003.001/BART/2015-06/NEON.D01.BART.DP1.10003.001.brd_references.expanded.20241118T065914Z.csv",
              "fileSizeBytes": 2061,
              "checksum": "19f90bce14319bdcb5fe95e907ebc790",
              "checksumAlgorithm": "MD5"
            },
            {
              "fileName": "NEON.D01.BART.DP1.10003.001.variables.20241118T065914Z.csv",
              "downloadFileName": null,
              "uri": "https://data.neonscience.org/api/v0/releases/RELEASE-2025/data/DP1.10003.001/BART/2015-06/NEON.D01.BART.DP1.10003.001.variables.20241118T065914Z.csv",
              "fileSizeBytes": 11884,
              "checksum": "02012b2f5713cd306264dd181fcf5da4",
              "checksumAlgorithm": "MD5"
            }
          ]
        },
        {
          "release": "RELEASE-2025",
          "productCode": "DP1.10003.001",
          "domainCode": "D01",
          "siteCode": "BART",
          "month": "2016-06",
          "packageType": "expanded",
          "generationDate": "2025-01-29T00:07:30Z",
          "files": [
            {
              "fileName": "NEON.D01.BART.DP1.10003.001.brd_references.expanded.20241118T142515Z.csv",
              "downloadFileName": null,
              "uri": "https://data.neonscience.org/api/v0/releases/RELEASE-2025/data/DP1.10003.001/BART/2016-06/NEON.D01.BART.DP1.10003.001.brd_references.expanded.20241118T142515Z.csv",
              "fileSizeBytes": 2061,
              "checksum": "19f90bce14319bdcb5fe95e907ebc790",
              "checksumAlgorithm": "MD5"
            },
            {
              "fileName": "NEON.D01.BART.DP1.10003.001.readme.20250129T000730Z.txt",
              "downloadFileName": null,
              "uri": "https://data.neonscience.org/api/v0/releases/RELEASE-2025/data/DP1.10003.001/BART/2016-06/NEON.D01.BART.DP1.10003.001.readme.20250129T000730Z.txt",
              "fileSizeBytes": 17216,
              "checksum": "23707ca8acd8281fc9335459c23cd891",
              "checksumAlgorithm": "MD5"
            },
            {
              "fileName": "NEON.D01.BART.DP1.10003.001.brd_countdata.2016-06.expanded.20241118T142515Z.csv",
              "downloadFileName": null,
              "uri": "https://data.neonscience.org/api/v0/releases/RELEASE-2025/data/DP1.10003.001/BART/2016-06/NEON.D01.BART.DP1.10003.001.brd_countdata.2016-06.expanded.20241118T142515Z.csv",
              "fileSizeBytes": 215797,
              "checksum": "9fe3097f1ad3cf11d3673c625f585b74",
              "checksumAlgorithm": "MD5"
            },
            {
              "fileName": "NEON.D01.BART.DP0.10003.001.validation.20241118T142515Z.csv",
              "downloadFileName": null,
              "uri": "https://data.neonscience.org/api/v0/releases/RELEASE-2025/data/DP1.10003.001/BART/2016-06/NEON.D01.BART.DP0.10003.001.validation.20241118T142515Z.csv",
              "fileSizeBytes": 13817,
              "checksum": "34d05e85d30c7ff8199644e3048f81b5",
              "checksumAlgorithm": "MD5"
            },
            {
              "fileName": "NEON.D01.BART.DP1.10003.001.EML.20160620-20160625.20250129T000730Z.xml",
              "downloadFileName": null,
              "uri": "https://data.neonscience.org/api/v0/releases/RELEASE-2025/data/DP1.10003.001/BART/2016-06/NEON.D01.BART.DP1.10003.001.EML.20160620-20160625.20250129T000730Z.xml",
              "fileSizeBytes": 104812,
              "checksum": "b8245ebc4ac69a12d47352cb874ab5b4",
              "checksumAlgorithm": "MD5"
            },
            {
              "fileName": "NEON.D01.BART.DP1.10003.001.brd_perpoint.2016-06.expanded.20241118T142515Z.csv",
              "downloadFileName": null,
              "uri": "https://data.neonscience.org/api/v0/releases/RELEASE-2025/data/DP1.10003.001/BART/2016-06/NEON.D01.BART.DP1.10003.001.brd_perpoint.2016-06.expanded.20241118T142515Z.csv",
              "fileSizeBytes": 25324,
              "checksum": "67496b3aea72086094be13c2719b89a9",
              "checksumAlgorithm": "MD5"
            },
            {
              "fileName": "NEON.D01.BART.DP1.10003.001.brd_personnel.expanded.20241118T142515Z.csv",
              "downloadFileName": null,
              "uri": "https://data.neonscience.org/api/v0/releases/RELEASE-2025/data/DP1.10003.001/BART/2016-06/NEON.D01.BART.DP1.10003.001.brd_personnel.expanded.20241118T142515Z.csv",
              "fileSizeBytes": 2980,
              "checksum": "460e8f00575f40e8ae78fbc72392d6c5",
              "checksumAlgorithm": "MD5"
            },
            {
              "fileName": "NEON.D01.BART.DP1.10003.001.variables.20241118T142515Z.csv",
              "downloadFileName": null,
              "uri": "https://data.neonscience.org/api/v0/releases/RELEASE-2025/data/DP1.10003.001/BART/2016-06/NEON.D01.BART.DP1.10003.001.variables.20241118T142515Z.csv",
              "fileSizeBytes": 11884,
              "checksum": "02012b2f5713cd306264dd181fcf5da4",
              "checksumAlgorithm": "MD5"
            },
            {
              "fileName": "NEON.D01.BART.DP0.10003.001.categoricalCodes.20241118T142515Z.csv",
              "downloadFileName": null,
              "uri": "https://data.neonscience.org/api/v0/releases/RELEASE-2025/data/DP1.10003.001/BART/2016-06/NEON.D01.BART.DP0.10003.001.categoricalCodes.20241118T142515Z.csv",
              "fileSizeBytes": 14560,
              "checksum": "5fefbbfabc9543b048953f55e82c58d4",
              "checksumAlgorithm": "MD5"
            }
          ]
        },
        {
          "release": "RELEASE-2025",
          "productCode": "DP1.10003.001",
          "domainCode": "D01",
          "siteCode": "BART",
          "month": "2017-06",
          "packageType": "expanded",
          "generationDate": "2025-01-29T00:07:30Z",
          "files": [
            {
              "fileName": "NEON.D01.BART.DP1.10003.001.brd_references.expanded.20241118T043125Z.csv",
              "downloadFileName": null,
              "uri": "https://data.neonscience.org/api/v0/releases/RELEASE-2025/data/DP1.10003.001/BART/2017-06/NEON.D01.BART.DP1.10003.001.brd_references.expanded.20241118T043125Z.csv",
              "fileSizeBytes": 2061,
              "checksum": "19f90bce14319bdcb5fe95e907ebc790",
              "checksumAlgorithm": "MD5"
            },
            {
              "fileName": "NEON.D01.BART.DP1.10003.001.brd_perpoint.2017-06.expanded.20241118T043125Z.csv",
              "downloadFileName": null,
              "uri": "https://data.neonscience.org/api/v0/releases/RELEASE-2025/data/DP1.10003.001/BART/2017-06/NEON.D01.BART.DP1.10003.001.brd_perpoint.2017-06.expanded.20241118T043125Z.csv",
              "fileSizeBytes": 26322,
              "checksum": "fdfb54f92162e3c93be7691f65a2f88c",
              "checksumAlgorithm": "MD5"
            },
            {
              "fileName": "NEON.D01.BART.DP1.10003.001.EML.20170621-20170629.20250129T000730Z.xml",
              "downloadFileName": null,
              "uri": "https://data.neonscience.org/api/v0/releases/RELEASE-2025/data/DP1.10003.001/BART/2017-06/NEON.D01.BART.DP1.10003.001.EML.20170621-20170629.20250129T000730Z.xml",
              "fileSizeBytes": 104812,
              "checksum": "3ff0f5c421c3a09eaa1abaf9106996a9",
              "checksumAlgorithm": "MD5"
            },
            {
              "fileName": "NEON.D01.BART.DP1.10003.001.brd_countdata.2017-06.expanded.20241118T043125Z.csv",
              "downloadFileName": null,
              "uri": "https://data.neonscience.org/api/v0/releases/RELEASE-2025/data/DP1.10003.001/BART/2017-06/NEON.D01.BART.DP1.10003.001.brd_countdata.2017-06.expanded.20241118T043125Z.csv",
              "fileSizeBytes": 154942,
              "checksum": "bc87d813f5401e08bd3af4b376fa8e97",
              "checksumAlgorithm": "MD5"
            },
            {
              "fileName": "NEON.D01.BART.DP1.10003.001.brd_personnel.expanded.20241118T043125Z.csv",
              "downloadFileName": null,
              "uri": "https://data.neonscience.org/api/v0/releases/RELEASE-2025/data/DP1.10003.001/BART/2017-06/NEON.D01.BART.DP1.10003.001.brd_personnel.expanded.20241118T043125Z.csv",
              "fileSizeBytes": 2980,
              "checksum": "460e8f00575f40e8ae78fbc72392d6c5",
              "checksumAlgorithm": "MD5"
            },
            {
              "fileName": "NEON.D01.BART.DP1.10003.001.variables.20241118T043125Z.csv",
              "downloadFileName": null,
              "uri": "https://data.neonscience.org/api/v0/releases/RELEASE-2025/data/DP1.10003.001/BART/2017-06/NEON.D01.BART.DP1.10003.001.variables.20241118T043125Z.csv",
              "fileSizeBytes": 11884,
              "checksum": "02012b2f5713cd306264dd181fcf5da4",
              "checksumAlgorithm": "MD5"
            },
            {
              "fileName": "NEON.D01.BART.DP0.10003.001.validation.20241118T043125Z.csv",
              "downloadFileName": null,
              "uri": "https://data.neonscience.org/api/v0/releases/RELEASE-2025/data/DP1.10003.001/BART/2017-06/NEON.D01.BART.DP0.10003.001.validation.20241118T043125Z.csv",
              "fileSizeBytes": 13817,
              "checksum": "34d05e85d30c7ff8199644e3048f81b5",
              "checksumAlgorithm": "MD5"
            },
            {
              "fileName": "NEON.D01.BART.DP0.10003.001.categoricalCodes.20241118T043125Z.csv",
              "downloadFileName": null,
              "uri": "https://data.neonscience.org/api/v0/releases/RELEASE-2025/data/DP1.10003.001/BART/2017-06/NEON.D01.BART.DP0.10003.001.categoricalCodes.20241118T043125Z.csv",
              "fileSizeBytes": 14560,
              "checksum": "5fefbbfabc9543b048953f55e82c58d4",
              "checksumAlgorithm": "MD5"
            },
            {
              "fileName": "NEON.D01.BART.DP1.10003.001.readme.20250129T000730Z.txt",
              "downloadFileName": null,
              "uri": "https://data.neonscience.org/api/v0/releases/RELEASE-2025/data/DP1.10003.001/BART/2017-06/NEON.D01.BART.DP1.10003.001.readme.20250129T000730Z.txt",
              "fileSizeBytes": 17216,
              "checksum": "716e0dd331e95eb12abecf76ed4f44db",
              "checksumAlgorithm": "MD5"
            }
          ]
        },
        {
          "release": "RELEASE-2025",
          "productCode": "DP1.10003.001",
          "domainCode": "D01",
          "siteCode": "BART",
          "month": "2018-06",
          "packageType": "expanded",
          "generationDate": "2025-01-29T00:07:30Z",
          "files": [
            {
              "fileName": "NEON.D01.BART.DP1.10003.001.readme.20250129T000730Z.txt",
              "downloadFileName": null,
              "uri": "https://data.neonscience.org/api/v0/releases/RELEASE-2025/data/DP1.10003.001/BART/2018-06/NEON.D01.BART.DP1.10003.001.readme.20250129T000730Z.txt",
              "fileSizeBytes": 17216,
              "checksum": "b040ddc1a4e4668ae32e356c7042cd9c",
              "checksumAlgorithm": "MD5"
            },
            {
              "fileName": "NEON.D01.BART.DP0.10003.001.categoricalCodes.20241118T105926Z.csv",
              "downloadFileName": null,
              "uri": "https://data.neonscience.org/api/v0/releases/RELEASE-2025/data/DP1.10003.001/BART/2018-06/NEON.D01.BART.DP0.10003.001.categoricalCodes.20241118T105926Z.csv",
              "fileSizeBytes": 14560,
              "checksum": "5fefbbfabc9543b048953f55e82c58d4",
              "checksumAlgorithm": "MD5"
            },
            {
              "fileName": "NEON.D01.BART.DP0.10003.001.validation.20241118T105926Z.csv",
              "downloadFileName": null,
              "uri": "https://data.neonscience.org/api/v0/releases/RELEASE-2025/data/DP1.10003.001/BART/2018-06/NEON.D01.BART.DP0.10003.001.validation.20241118T105926Z.csv",
              "fileSizeBytes": 13817,
              "checksum": "34d05e85d30c7ff8199644e3048f81b5",
              "checksumAlgorithm": "MD5"
            },
            {
              "fileName": "NEON.D01.BART.DP1.10003.001.brd_references.expanded.20241118T105926Z.csv",
              "downloadFileName": null,
              "uri": "https://data.neonscience.org/api/v0/releases/RELEASE-2025/data/DP1.10003.001/BART/2018-06/NEON.D01.BART.DP1.10003.001.brd_references.expanded.20241118T105926Z.csv",
              "fileSizeBytes": 2061,
              "checksum": "19f90bce14319bdcb5fe95e907ebc790",
              "checksumAlgorithm": "MD5"
            },
            {
              "fileName": "NEON.D01.BART.DP1.10003.001.EML.20180607-20180614.20250129T000730Z.xml",
              "downloadFileName": null,
              "uri": "https://data.neonscience.org/api/v0/releases/RELEASE-2025/data/DP1.10003.001/BART/2018-06/NEON.D01.BART.DP1.10003.001.EML.20180607-20180614.20250129T000730Z.xml",
              "fileSizeBytes": 104812,
              "checksum": "5bd791806a4cc5e6b989dd09abb2ccb6",
              "checksumAlgorithm": "MD5"
            },
            {
              "fileName": "NEON.D01.BART.DP1.10003.001.brd_countdata.2018-06.expanded.20241118T105926Z.csv",
              "downloadFileName": null,
              "uri": "https://data.neonscience.org/api/v0/releases/RELEASE-2025/data/DP1.10003.001/BART/2018-06/NEON.D01.BART.DP1.10003.001.brd_countdata.2018-06.expanded.20241118T105926Z.csv",
              "fileSizeBytes": 180044,
              "checksum": "3d3d3f54fb36dde77661bf8269d1d0ee",
              "checksumAlgorithm": "MD5"
            },
            {
              "fileName": "NEON.D01.BART.DP1.10003.001.brd_personnel.expanded.20241118T105926Z.csv",
              "downloadFileName": null,
              "uri": "https://data.neonscience.org/api/v0/releases/RELEASE-2025/data/DP1.10003.001/BART/2018-06/NEON.D01.BART.DP1.10003.001.brd_personnel.expanded.20241118T105926Z.csv",
              "fileSizeBytes": 2980,
              "checksum": "460e8f00575f40e8ae78fbc72392d6c5",
              "checksumAlgorithm": "MD5"
            },
            {
              "fileName": "NEON.D01.BART.DP1.10003.001.variables.20241118T105926Z.csv",
              "downloadFileName": null,
              "uri": "https://data.neonscience.org/api/v0/releases/RELEASE-2025/data/DP1.10003.001/BART/2018-06/NEON.D01.BART.DP1.10003.001.variables.20241118T105926Z.csv",
              "fileSizeBytes": 11884,
              "checksum": "02012b2f5713cd306264dd181fcf5da4",
              "checksumAlgorithm": "MD5"
            },
            {
              "fileName": "NEON.D01.BART.DP1.10003.001.brd_perpoint.2018-06.expanded.20241118T105926Z.csv",
              "downloadFileName": null,
              "uri": "https://data.neonscience.org/api/v0/releases/RELEASE-2025/data/DP1.10003.001/BART/2018-06/NEON.D01.BART.DP1.10003.001.brd_perpoint.2018-06.expanded.20241118T105926Z.csv",
              "fileSizeBytes": 25709,
              "checksum": "201e9f189e6050030648cc3e1331ca2f",
              "checksumAlgorithm": "MD5"
            }
          ]
        },
        {
          "release": "RELEASE-2025",
          "productCode": "DP1.10003.001",
          "domainCode": "D01",
          "siteCode": "BART",
          "month": "2019-06",
          "packageType": "expanded",
          "generationDate": "2025-01-29T00:07:30Z",
          "files": [
            {
              "fileName": "NEON.D01.BART.DP1.10003.001.brd_perpoint.2019-06.expanded.20241118T064156Z.csv",
              "downloadFileName": null,
              "uri": "https://data.neonscience.org/api/v0/releases/RELEASE-2025/data/DP1.10003.001/BART/2019-06/NEON.D01.BART.DP1.10003.001.brd_perpoint.2019-06.expanded.20241118T064156Z.csv",
              "fileSizeBytes": 25205,
              "checksum": "ae15bc90a4e5fdf33678f74a4ff2efd3",
              "checksumAlgorithm": "MD5"
            },
            {
              "fileName": "NEON.D01.BART.DP1.10003.001.EML.20190618-20190628.20250129T000730Z.xml",
              "downloadFileName": null,
              "uri": "https://data.neonscience.org/api/v0/releases/RELEASE-2025/data/DP1.10003.001/BART/2019-06/NEON.D01.BART.DP1.10003.001.EML.20190618-20190628.20250129T000730Z.xml",
              "fileSizeBytes": 104812,
              "checksum": "a65ba3fdd9f23942878879419ddcbff8",
              "checksumAlgorithm": "MD5"
            },
            {
              "fileName": "NEON.D01.BART.DP1.10003.001.brd_personnel.expanded.20241118T064156Z.csv",
              "downloadFileName": null,
              "uri": "https://data.neonscience.org/api/v0/releases/RELEASE-2025/data/DP1.10003.001/BART/2019-06/NEON.D01.BART.DP1.10003.001.brd_personnel.expanded.20241118T064156Z.csv",
              "fileSizeBytes": 2980,
              "checksum": "460e8f00575f40e8ae78fbc72392d6c5",
              "checksumAlgorithm": "MD5"
            },
            {
              "fileName": "NEON.D01.BART.DP1.10003.001.brd_references.expanded.20241118T064156Z.csv",
              "downloadFileName": null,
              "uri": "https://data.neonscience.org/api/v0/releases/RELEASE-2025/data/DP1.10003.001/BART/2019-06/NEON.D01.BART.DP1.10003.001.brd_references.expanded.20241118T064156Z.csv",
              "fileSizeBytes": 2061,
              "checksum": "19f90bce14319bdcb5fe95e907ebc790",
              "checksumAlgorithm": "MD5"
            },
            {
              "fileName": "NEON.D01.BART.DP0.10003.001.validation.20241118T064156Z.csv",
              "downloadFileName": null,
              "uri": "https://data.neonscience.org/api/v0/releases/RELEASE-2025/data/DP1.10003.001/BART/2019-06/NEON.D01.BART.DP0.10003.001.validation.20241118T064156Z.csv",
              "fileSizeBytes": 13817,
              "checksum": "34d05e85d30c7ff8199644e3048f81b5",
              "checksumAlgorithm": "MD5"
            },
            {
              "fileName": "NEON.D01.BART.DP1.10003.001.brd_countdata.2019-06.expanded.20241118T064156Z.csv",
              "downloadFileName": null,
              "uri": "https://data.neonscience.org/api/v0/releases/RELEASE-2025/data/DP1.10003.001/BART/2019-06/NEON.D01.BART.DP1.10003.001.brd_countdata.2019-06.expanded.20241118T064156Z.csv",
              "fileSizeBytes": 144618,
              "checksum": "aa52f0c8b02a0f9480e2a3badf08bf7f",
              "checksumAlgorithm": "MD5"
            },
            {
              "fileName": "NEON.D01.BART.DP1.10003.001.readme.20250129T000730Z.txt",
              "downloadFileName": null,
              "uri": "https://data.neonscience.org/api/v0/releases/RELEASE-2025/data/DP1.10003.001/BART/2019-06/NEON.D01.BART.DP1.10003.001.readme.20250129T000730Z.txt",
              "fileSizeBytes": 17216,
              "checksum": "92d16f893261ac3993792affe00773b4",
              "checksumAlgorithm": "MD5"
            },
            {
              "fileName": "NEON.D01.BART.DP1.10003.001.variables.20241118T064156Z.csv",
              "downloadFileName": null,
              "uri": "https://data.neonscience.org/api/v0/releases/RELEASE-2025/data/DP1.10003.001/BART/2019-06/NEON.D01.BART.DP1.10003.001.variables.20241118T064156Z.csv",
              "fileSizeBytes": 11884,
              "checksum": "02012b2f5713cd306264dd181fcf5da4",
              "checksumAlgorithm": "MD5"
            },
            {
              "fileName": "NEON.D01.BART.DP0.10003.001.categoricalCodes.20241118T064156Z.csv",
              "downloadFileName": null,
              "uri": "https://data.neonscience.org/api/v0/releases/RELEASE-2025/data/DP1.10003.001/BART/2019-06/NEON.D01.BART.DP0.10003.001.categoricalCodes.20241118T064156Z.csv",
              "fileSizeBytes": 14560,
              "checksum": "5fefbbfabc9543b048953f55e82c58d4",
              "checksumAlgorithm": "MD5"
            }
          ]
        },
        {
          "release": "RELEASE-2025",
          "productCode": "DP1.10003.001",
          "domainCode": "D01",
          "siteCode": "BART",
          "month": "2020-06",
          "packageType": "expanded",
          "generationDate": "2025-01-29T00:07:30Z",
          "files": [
            {
              "fileName": "NEON.D01.BART.DP1.10003.001.EML.20200620-20200628.20250129T000730Z.xml",
              "downloadFileName": null,
              "uri": "https://data.neonscience.org/api/v0/releases/RELEASE-2025/data/DP1.10003.001/BART/2020-06/NEON.D01.BART.DP1.10003.001.EML.20200620-20200628.20250129T000730Z.xml",
              "fileSizeBytes": 104812,
              "checksum": "0f54b4d777d244b0e08cf83da1562787",
              "checksumAlgorithm": "MD5"
            },
            {
              "fileName": "NEON.D01.BART.DP1.10003.001.brd_personnel.expanded.20241118T184512Z.csv",
              "downloadFileName": null,
              "uri": "https://data.neonscience.org/api/v0/releases/RELEASE-2025/data/DP1.10003.001/BART/2020-06/NEON.D01.BART.DP1.10003.001.brd_personnel.expanded.20241118T184512Z.csv",
              "fileSizeBytes": 2980,
              "checksum": "460e8f00575f40e8ae78fbc72392d6c5",
              "checksumAlgorithm": "MD5"
            },
            {
              "fileName": "NEON.D01.BART.DP1.10003.001.variables.20241118T184512Z.csv",
              "downloadFileName": null,
              "uri": "https://data.neonscience.org/api/v0/releases/RELEASE-2025/data/DP1.10003.001/BART/2020-06/NEON.D01.BART.DP1.10003.001.variables.20241118T184512Z.csv",
              "fileSizeBytes": 11884,
              "checksum": "02012b2f5713cd306264dd181fcf5da4",
              "checksumAlgorithm": "MD5"
            },
            {
              "fileName": "NEON.D01.BART.DP0.10003.001.validation.20241118T184512Z.csv",
              "downloadFileName": null,
              "uri": "https://data.neonscience.org/api/v0/releases/RELEASE-2025/data/DP1.10003.001/BART/2020-06/NEON.D01.BART.DP0.10003.001.validation.20241118T184512Z.csv",
              "fileSizeBytes": 13817,
              "checksum": "34d05e85d30c7ff8199644e3048f81b5",
              "checksumAlgorithm": "MD5"
            },
            {
              "fileName": "NEON.D01.BART.DP1.10003.001.brd_countdata.2020-06.expanded.20241118T184512Z.csv",
              "downloadFileName": null,
              "uri": "https://data.neonscience.org/api/v0/releases/RELEASE-2025/data/DP1.10003.001/BART/2020-06/NEON.D01.BART.DP1.10003.001.brd_countdata.2020-06.expanded.20241118T184512Z.csv",
              "fileSizeBytes": 151399,
              "checksum": "3d9b5a118d6bb1da0c298a487592b3f7",
              "checksumAlgorithm": "MD5"
            },
            {
              "fileName": "NEON.D01.BART.DP0.10003.001.categoricalCodes.20241118T184512Z.csv",
              "downloadFileName": null,
              "uri": "https://data.neonscience.org/api/v0/releases/RELEASE-2025/data/DP1.10003.001/BART/2020-06/NEON.D01.BART.DP0.10003.001.categoricalCodes.20241118T184512Z.csv",
              "fileSizeBytes": 14560,
              "checksum": "5fefbbfabc9543b048953f55e82c58d4",
              "checksumAlgorithm": "MD5"
            },
            {
              "fileName": "NEON.D01.BART.DP1.10003.001.brd_perpoint.2020-06.expanded.20241118T184512Z.csv",
              "downloadFileName": null,
              "uri": "https://data.neonscience.org/api/v0/releases/RELEASE-2025/data/DP1.10003.001/BART/2020-06/NEON.D01.BART.DP1.10003.001.brd_perpoint.2020-06.expanded.20241118T184512Z.csv",
              "fileSizeBytes": 22305,
              "checksum": "31d88f3353cf4a936e9ea960601f342d",
              "checksumAlgorithm": "MD5"
            },
            {
              "fileName": "NEON.D01.BART.DP1.10003.001.readme.20250129T000730Z.txt",
              "downloadFileName": null,
              "uri": "https://data.neonscience.org/api/v0/releases/RELEASE-2025/data/DP1.10003.001/BART/2020-06/NEON.D01.BART.DP1.10003.001.readme.20250129T000730Z.txt",
              "fileSizeBytes": 17216,
              "checksum": "fd362a454a38e491b697d81b8a0445e8",
              "checksumAlgorithm": "MD5"
            },
            {
              "fileName": "NEON.D01.BART.DP1.10003.001.brd_references.expanded.20241118T184512Z.csv",
              "downloadFileName": null,
              "uri": "https://data.neonscience.org/api/v0/releases/RELEASE-2025/data/DP1.10003.001/BART/2020-06/NEON.D01.BART.DP1.10003.001.brd_references.expanded.20241118T184512Z.csv",
              "fileSizeBytes": 2061,
              "checksum": "19f90bce14319bdcb5fe95e907ebc790",
              "checksumAlgorithm": "MD5"
            }
          ]
        },
        {
          "release": "RELEASE-2025",
          "productCode": "DP1.10003.001",
          "domainCode": "D01",
          "siteCode": "BART",
          "month": "2020-07",
          "packageType": "expanded",
          "generationDate": "2025-01-29T00:07:30Z",
          "files": [
            {
              "fileName": "NEON.D01.BART.DP1.10003.001.brd_perpoint.2020-07.expanded.20241118T010504Z.csv",
              "downloadFileName": null,
              "uri": "https://data.neonscience.org/api/v0/releases/RELEASE-2025/data/DP1.10003.001/BART/2020-07/NEON.D01.BART.DP1.10003.001.brd_perpoint.2020-07.expanded.20241118T010504Z.csv",
              "fileSizeBytes": 4696,
              "checksum": "5fbd584261030ce4ec9f1b6b8d77bcd3",
              "checksumAlgorithm": "MD5"
            },
            {
              "fileName": "NEON.D01.BART.DP1.10003.001.brd_personnel.expanded.20241118T010504Z.csv",
              "downloadFileName": null,
              "uri": "https://data.neonscience.org/api/v0/releases/RELEASE-2025/data/DP1.10003.001/BART/2020-07/NEON.D01.BART.DP1.10003.001.brd_personnel.expanded.20241118T010504Z.csv",
              "fileSizeBytes": 2980,
              "checksum": "460e8f00575f40e8ae78fbc72392d6c5",
              "checksumAlgorithm": "MD5"
            },
            {
              "fileName": "NEON.D01.BART.DP0.10003.001.validation.20241118T010504Z.csv",
              "downloadFileName": null,
              "uri": "https://data.neonscience.org/api/v0/releases/RELEASE-2025/data/DP1.10003.001/BART/2020-07/NEON.D01.BART.DP0.10003.001.validation.20241118T010504Z.csv",
              "fileSizeBytes": 13817,
              "checksum": "34d05e85d30c7ff8199644e3048f81b5",
              "checksumAlgorithm": "MD5"
            },
            {
              "fileName": "NEON.D01.BART.DP1.10003.001.EML.20200701-20200703.20250129T000730Z.xml",
              "downloadFileName": null,
              "uri": "https://data.neonscience.org/api/v0/releases/RELEASE-2025/data/DP1.10003.001/BART/2020-07/NEON.D01.BART.DP1.10003.001.EML.20200701-20200703.20250129T000730Z.xml",
              "fileSizeBytes": 104811,
              "checksum": "23b2ae3489ffec417dc6a5c79273156f",
              "checksumAlgorithm": "MD5"
            },
            {
              "fileName": "NEON.D01.BART.DP1.10003.001.brd_references.expanded.20241118T010504Z.csv",
              "downloadFileName": null,
              "uri": "https://data.neonscience.org/api/v0/releases/RELEASE-2025/data/DP1.10003.001/BART/2020-07/NEON.D01.BART.DP1.10003.001.brd_references.expanded.20241118T010504Z.csv",
              "fileSizeBytes": 2061,
              "checksum": "19f90bce14319bdcb5fe95e907ebc790",
              "checksumAlgorithm": "MD5"
            },
            {
              "fileName": "NEON.D01.BART.DP1.10003.001.brd_countdata.2020-07.expanded.20241118T010504Z.csv",
              "downloadFileName": null,
              "uri": "https://data.neonscience.org/api/v0/releases/RELEASE-2025/data/DP1.10003.001/BART/2020-07/NEON.D01.BART.DP1.10003.001.brd_countdata.2020-07.expanded.20241118T010504Z.csv",
              "fileSizeBytes": 20544,
              "checksum": "02749813cec0fd7d1802d65dbabafbd5",
              "checksumAlgorithm": "MD5"
            },
            {
              "fileName": "NEON.D01.BART.DP0.10003.001.categoricalCodes.20241118T010504Z.csv",
              "downloadFileName": null,
              "uri": "https://data.neonscience.org/api/v0/releases/RELEASE-2025/data/DP1.10003.001/BART/2020-07/NEON.D01.BART.DP0.10003.001.categoricalCodes.20241118T010504Z.csv",
              "fileSizeBytes": 14560,
              "checksum": "5fefbbfabc9543b048953f55e82c58d4",
              "checksumAlgorithm": "MD5"
            },
            {
              "fileName": "NEON.D01.BART.DP1.10003.001.readme.20250129T000730Z.txt",
              "downloadFileName": null,
              "uri": "https://data.neonscience.org/api/v0/releases/RELEASE-2025/data/DP1.10003.001/BART/2020-07/NEON.D01.BART.DP1.10003.001.readme.20250129T000730Z.txt",
              "fileSizeBytes": 17216,
              "checksum": "e2b4f0d812584ad815ffd4b9ce76d6ba",
              "checksumAlgorithm": "MD5"
            },
            {
              "fileName": "NEON.D01.BART.DP1.10003.001.variables.20241118T010504Z.csv",
              "downloadFileName": null,
              "uri": "https://data.neonscience.org/api/v0/releases/RELEASE-2025/data/DP1.10003.001/BART/2020-07/NEON.D01.BART.DP1.10003.001.variables.20241118T010504Z.csv",
              "fileSizeBytes": 11884,
              "checksum": "02012b2f5713cd306264dd181fcf5da4",
              "checksumAlgorithm": "MD5"
            }
          ]
        },
        {
          "release": "RELEASE-2025",
          "productCode": "DP1.10003.001",
          "domainCode": "D01",
          "siteCode": "BART",
          "month": "2021-06",
          "packageType": "expanded",
          "generationDate": "2025-01-29T00:07:30Z",
          "files": [
            {
              "fileName": "NEON.D01.BART.DP1.10003.001.brd_countdata.2021-06.expanded.20241118T105538Z.csv",
              "downloadFileName": null,
              "uri": "https://data.neonscience.org/api/v0/releases/RELEASE-2025/data/DP1.10003.001/BART/2021-06/NEON.D01.BART.DP1.10003.001.brd_countdata.2021-06.expanded.20241118T105538Z.csv",
              "fileSizeBytes": 258028,
              "checksum": "83630d58968ab90ee527b3fe1aeab47d",
              "checksumAlgorithm": "MD5"
            },
            {
              "fileName": "NEON.D01.BART.DP1.10003.001.brd_references.expanded.20241118T105538Z.csv",
              "downloadFileName": null,
              "uri": "https://data.neonscience.org/api/v0/releases/RELEASE-2025/data/DP1.10003.001/BART/2021-06/NEON.D01.BART.DP1.10003.001.brd_references.expanded.20241118T105538Z.csv",
              "fileSizeBytes": 2061,
              "checksum": "19f90bce14319bdcb5fe95e907ebc790",
              "checksumAlgorithm": "MD5"
            },
            {
              "fileName": "NEON.D01.BART.DP0.10003.001.categoricalCodes.20241118T105538Z.csv",
              "downloadFileName": null,
              "uri": "https://data.neonscience.org/api/v0/releases/RELEASE-2025/data/DP1.10003.001/BART/2021-06/NEON.D01.BART.DP0.10003.001.categoricalCodes.20241118T105538Z.csv",
              "fileSizeBytes": 14560,
              "checksum": "5fefbbfabc9543b048953f55e82c58d4",
              "checksumAlgorithm": "MD5"
            },
            {
              "fileName": "NEON.D01.BART.DP1.10003.001.brd_perpoint.2021-06.expanded.20241118T105538Z.csv",
              "downloadFileName": null,
              "uri": "https://data.neonscience.org/api/v0/releases/RELEASE-2025/data/DP1.10003.001/BART/2021-06/NEON.D01.BART.DP1.10003.001.brd_perpoint.2021-06.expanded.20241118T105538Z.csv",
              "fileSizeBytes": 50487,
              "checksum": "b467eb3fb03761db05502be8b1a2706e",
              "checksumAlgorithm": "MD5"
            },
            {
              "fileName": "NEON.D01.BART.DP1.10003.001.EML.20210619-20210629.20250129T000730Z.xml",
              "downloadFileName": null,
              "uri": "https://data.neonscience.org/api/v0/releases/RELEASE-2025/data/DP1.10003.001/BART/2021-06/NEON.D01.BART.DP1.10003.001.EML.20210619-20210629.20250129T000730Z.xml",
              "fileSizeBytes": 102725,
              "checksum": "f013fcd1f76cab07e7f6218617779988",
              "checksumAlgorithm": "MD5"
            },
            {
              "fileName": "NEON.D01.BART.DP0.10003.001.validation.20241118T105538Z.csv",
              "downloadFileName": null,
              "uri": "https://data.neonscience.org/api/v0/releases/RELEASE-2025/data/DP1.10003.001/BART/2021-06/NEON.D01.BART.DP0.10003.001.validation.20241118T105538Z.csv",
              "fileSizeBytes": 13817,
              "checksum": "34d05e85d30c7ff8199644e3048f81b5",
              "checksumAlgorithm": "MD5"
            },
            {
              "fileName": "NEON.D01.BART.DP1.10003.001.variables.20241118T105538Z.csv",
              "downloadFileName": null,
              "uri": "https://data.neonscience.org/api/v0/releases/RELEASE-2025/data/DP1.10003.001/BART/2021-06/NEON.D01.BART.DP1.10003.001.variables.20241118T105538Z.csv",
              "fileSizeBytes": 11884,
              "checksum": "02012b2f5713cd306264dd181fcf5da4",
              "checksumAlgorithm": "MD5"
            },
            {
              "fileName": "NEON.D01.BART.DP1.10003.001.readme.20250129T000730Z.txt",
              "downloadFileName": null,
              "uri": "https://data.neonscience.org/api/v0/releases/RELEASE-2025/data/DP1.10003.001/BART/2021-06/NEON.D01.BART.DP1.10003.001.readme.20250129T000730Z.txt",
              "fileSizeBytes": 17216,
              "checksum": "ef1d5c65435d0b87672e573ecd539941",
              "checksumAlgorithm": "MD5"
            },
            {
              "fileName": "NEON.D01.BART.DP1.10003.001.brd_personnel.expanded.20241118T105538Z.csv",
              "downloadFileName": null,
              "uri": "https://data.neonscience.org/api/v0/releases/RELEASE-2025/data/DP1.10003.001/BART/2021-06/NEON.D01.BART.DP1.10003.001.brd_personnel.expanded.20241118T105538Z.csv",
              "fileSizeBytes": 2980,
              "checksum": "460e8f00575f40e8ae78fbc72392d6c5",
              "checksumAlgorithm": "MD5"
            }
          ]
        },
        {
          "release": "RELEASE-2025",
          "productCode": "DP1.10003.001",
          "domainCode": "D01",
          "siteCode": "BART",
          "month": "2022-06",
          "packageType": "expanded",
          "generationDate": "2025-01-29T00:07:30Z",
          "files": [
            {
              "fileName": "NEON.D01.BART.DP1.10003.001.brd_personnel.expanded.20241118T033934Z.csv",
              "downloadFileName": null,
              "uri": "https://data.neonscience.org/api/v0/releases/RELEASE-2025/data/DP1.10003.001/BART/2022-06/NEON.D01.BART.DP1.10003.001.brd_personnel.expanded.20241118T033934Z.csv",
              "fileSizeBytes": 2980,
              "checksum": "460e8f00575f40e8ae78fbc72392d6c5",
              "checksumAlgorithm": "MD5"
            },
            {
              "fileName": "NEON.D01.BART.DP1.10003.001.EML.20220615-20220626.20250129T000730Z.xml",
              "downloadFileName": null,
              "uri": "https://data.neonscience.org/api/v0/releases/RELEASE-2025/data/DP1.10003.001/BART/2022-06/NEON.D01.BART.DP1.10003.001.EML.20220615-20220626.20250129T000730Z.xml",
              "fileSizeBytes": 103001,
              "checksum": "0112de461513498293c38c5f5dcc06d8",
              "checksumAlgorithm": "MD5"
            },
            {
              "fileName": "NEON.D01.BART.DP1.10003.001.readme.20250129T000730Z.txt",
              "downloadFileName": null,
              "uri": "https://data.neonscience.org/api/v0/releases/RELEASE-2025/data/DP1.10003.001/BART/2022-06/NEON.D01.BART.DP1.10003.001.readme.20250129T000730Z.txt",
              "fileSizeBytes": 17216,
              "checksum": "2ed211f6011e9bb761f346fa7845aeac",
              "checksumAlgorithm": "MD5"
            },
            {
              "fileName": "NEON.D01.BART.DP0.10003.001.categoricalCodes.20241118T033934Z.csv",
              "downloadFileName": null,
              "uri": "https://data.neonscience.org/api/v0/releases/RELEASE-2025/data/DP1.10003.001/BART/2022-06/NEON.D01.BART.DP0.10003.001.categoricalCodes.20241118T033934Z.csv",
              "fileSizeBytes": 14560,
              "checksum": "5fefbbfabc9543b048953f55e82c58d4",
              "checksumAlgorithm": "MD5"
            },
            {
              "fileName": "NEON.D01.BART.DP1.10003.001.brd_references.expanded.20241118T033934Z.csv",
              "downloadFileName": null,
              "uri": "https://data.neonscience.org/api/v0/releases/RELEASE-2025/data/DP1.10003.001/BART/2022-06/NEON.D01.BART.DP1.10003.001.brd_references.expanded.20241118T033934Z.csv",
              "fileSizeBytes": 2061,
              "checksum": "19f90bce14319bdcb5fe95e907ebc790",
              "checksumAlgorithm": "MD5"
            },
            {
              "fileName": "NEON.D01.BART.DP1.10003.001.brd_perpoint.2022-06.expanded.20241118T033934Z.csv",
              "downloadFileName": null,
              "uri": "https://data.neonscience.org/api/v0/releases/RELEASE-2025/data/DP1.10003.001/BART/2022-06/NEON.D01.BART.DP1.10003.001.brd_perpoint.2022-06.expanded.20241118T033934Z.csv",
              "fileSizeBytes": 26669,
              "checksum": "54238f4b771bfd7d6f789964867a2776",
              "checksumAlgorithm": "MD5"
            },
            {
              "fileName": "NEON.D01.BART.DP1.10003.001.brd_countdata.2022-06.expanded.20241118T033934Z.csv",
              "downloadFileName": null,
              "uri": "https://data.neonscience.org/api/v0/releases/RELEASE-2025/data/DP1.10003.001/BART/2022-06/NEON.D01.BART.DP1.10003.001.brd_countdata.2022-06.expanded.20241118T033934Z.csv",
              "fileSizeBytes": 174104,
              "checksum": "fcfbb0e6483c811c1e615e525284868f",
              "checksumAlgorithm": "MD5"
            },
            {
              "fileName": "NEON.D01.BART.DP1.10003.001.variables.20241118T033934Z.csv",
              "downloadFileName": null,
              "uri": "https://data.neonscience.org/api/v0/releases/RELEASE-2025/data/DP1.10003.001/BART/2022-06/NEON.D01.BART.DP1.10003.001.variables.20241118T033934Z.csv",
              "fileSizeBytes": 11884,
              "checksum": "02012b2f5713cd306264dd181fcf5da4",
              "checksumAlgorithm": "MD5"
            },
            {
              "fileName": "NEON.D01.BART.DP0.10003.001.validation.20241118T033934Z.csv",
              "downloadFileName": null,
              "uri": "https://data.neonscience.org/api/v0/releases/RELEASE-2025/data/DP1.10003.001/BART/2022-06/NEON.D01.BART.DP0.10003.001.validation.20241118T033934Z.csv",
              "fileSizeBytes": 13817,
              "checksum": "34d05e85d30c7ff8199644e3048f81b5",
              "checksumAlgorithm": "MD5"
            }
          ]
        },
        {
          "release": "RELEASE-2025",
          "productCode": "DP1.10003.001",
          "domainCode": "D01",
          "siteCode": "BART",
          "month": "2023-06",
          "packageType": "expanded",
          "generationDate": "2025-01-29T00:07:30Z",
          "files": [
            {
              "fileName": "NEON.D01.BART.DP0.10003.001.categoricalCodes.20241118T091043Z.csv",
              "downloadFileName": null,
              "uri": "https://data.neonscience.org/api/v0/releases/RELEASE-2025/data/DP1.10003.001/BART/2023-06/NEON.D01.BART.DP0.10003.001.categoricalCodes.20241118T091043Z.csv",
              "fileSizeBytes": 14560,
              "checksum": "5fefbbfabc9543b048953f55e82c58d4",
              "checksumAlgorithm": "MD5"
            },
            {
              "fileName": "NEON.D01.BART.DP1.10003.001.brd_countdata.2023-06.expanded.20241118T091043Z.csv",
              "downloadFileName": null,
              "uri": "https://data.neonscience.org/api/v0/releases/RELEASE-2025/data/DP1.10003.001/BART/2023-06/NEON.D01.BART.DP1.10003.001.brd_countdata.2023-06.expanded.20241118T091043Z.csv",
              "fileSizeBytes": 160737,
              "checksum": "d9d28f2fccd92968dd7d8805131ad339",
              "checksumAlgorithm": "MD5"
            },
            {
              "fileName": "NEON.D01.BART.DP1.10003.001.brd_personnel.expanded.20241118T091043Z.csv",
              "downloadFileName": null,
              "uri": "https://data.neonscience.org/api/v0/releases/RELEASE-2025/data/DP1.10003.001/BART/2023-06/NEON.D01.BART.DP1.10003.001.brd_personnel.expanded.20241118T091043Z.csv",
              "fileSizeBytes": 2980,
              "checksum": "460e8f00575f40e8ae78fbc72392d6c5",
              "checksumAlgorithm": "MD5"
            },
            {
              "fileName": "NEON.D01.BART.DP0.10003.001.validation.20241118T091043Z.csv",
              "downloadFileName": null,
              "uri": "https://data.neonscience.org/api/v0/releases/RELEASE-2025/data/DP1.10003.001/BART/2023-06/NEON.D01.BART.DP0.10003.001.validation.20241118T091043Z.csv",
              "fileSizeBytes": 13817,
              "checksum": "34d05e85d30c7ff8199644e3048f81b5",
              "checksumAlgorithm": "MD5"
            },
            {
              "fileName": "NEON.D01.BART.DP1.10003.001.brd_perpoint.2023-06.expanded.20241118T091043Z.csv",
              "downloadFileName": null,
              "uri": "https://data.neonscience.org/api/v0/releases/RELEASE-2025/data/DP1.10003.001/BART/2023-06/NEON.D01.BART.DP1.10003.001.brd_perpoint.2023-06.expanded.20241118T091043Z.csv",
              "fileSizeBytes": 30008,
              "checksum": "4b937cd4baa8e33cd03885f00e51ef4e",
              "checksumAlgorithm": "MD5"
            },
            {
              "fileName": "NEON.D01.BART.DP1.10003.001.EML.20230616-20230625.20250129T000730Z.xml",
              "downloadFileName": null,
              "uri": "https://data.neonscience.org/api/v0/releases/RELEASE-2025/data/DP1.10003.001/BART/2023-06/NEON.D01.BART.DP1.10003.001.EML.20230616-20230625.20250129T000730Z.xml",
              "fileSizeBytes": 102698,
              "checksum": "c1e1820de7dd415222815240677ddb0d",
              "checksumAlgorithm": "MD5"
            },
            {
              "fileName": "NEON.D01.BART.DP1.10003.001.readme.20250129T000730Z.txt",
              "downloadFileName": null,
              "uri": "https://data.neonscience.org/api/v0/releases/RELEASE-2025/data/DP1.10003.001/BART/2023-06/NEON.D01.BART.DP1.10003.001.readme.20250129T000730Z.txt",
              "fileSizeBytes": 17216,
              "checksum": "bdae3ef7f959404b55c6b25899256552",
              "checksumAlgorithm": "MD5"
            },
            {
              "fileName": "NEON.D01.BART.DP1.10003.001.brd_references.expanded.20241118T091043Z.csv",
              "downloadFileName": null,
              "uri": "https://data.neonscience.org/api/v0/releases/RELEASE-2025/data/DP1.10003.001/BART/2023-06/NEON.D01.BART.DP1.10003.001.brd_references.expanded.20241118T091043Z.csv",
              "fileSizeBytes": 2061,
              "checksum": "19f90bce14319bdcb5fe95e907ebc790",
              "checksumAlgorithm": "MD5"
            },
            {
              "fileName": "NEON.D01.BART.DP1.10003.001.variables.20241118T091043Z.csv",
              "downloadFileName": null,
              "uri": "https://data.neonscience.org/api/v0/releases/RELEASE-2025/data/DP1.10003.001/BART/2023-06/NEON.D01.BART.DP1.10003.001.variables.20241118T091043Z.csv",
              "fileSizeBytes": 11884,
              "checksum": "02012b2f5713cd306264dd181fcf5da4",
              "checksumAlgorithm": "MD5"
            }
          ]
        }
      ]
    }
  ]
}